link,handle,isin,cusip,figi,ticker,name,issuer_name,issuer_type,issuer_jurisdiction,fund,framework_link,issuance_date,maturity_date,volume_usd,volume_bond_currency,bond_currency
https://www.greenbondtransparency.com/bond-info/?handle=826fb91751eb4970ac578c6e8f0929fc,826fb91751eb4970ac578c6e8f0929fc,US00105DAG07,00105DAG0,BBG00QGRGP11,NA,AES Gener Green Bond,AES Andes,Non-Financial Corporate,Chile,FALSE,NA,2019-10-07T00:00:00Z,2079-10-07T00:00:00Z,450000000,450000000,USD
https://www.greenbondtransparency.com/bond-info/?handle=270dc78108554e578876030bd2496dde,270dc78108554e578876030bd2496dde,BRVERTCRA2K6,NA,NA,NA,CRA ComBio Green Bond 2028,ComBio Energia,Non-Financial Corporate,Brazil,FALSE,NA,2021-11-23T00:00:00Z,2028-11-16T00:00:00Z,26572188,150000000,BRL
https://www.greenbondtransparency.com/bond-info/?handle=ca95780fd934421fa99ce5cb0b1f71d2,ca95780fd934421fa99ce5cb0b1f71d2,US210314AB60,210314AB6,BBG00NW1PM87,NA,ISA CTM,ISA CTM - Consorcio Transmantaro S.A.,Non-Financial Corporate,Peru,FALSE,https://www.greenbondtransparency.com/download-document/?entity=Framework&handle=905be24bcdf943969c19e593cecd74e1,2019-04-16T00:00:00Z,2034-04-16T00:00:00Z,600000000,600000000,USD
https://www.greenbondtransparency.com/bond-info/?handle=91d5f951533040578939c60b74089a81,91d5f951533040578939c60b74089a81,NA,NA,NA,CAF GB Program,Green Bond Program,CAF - Banco de Desarrollo de America Latina,Development Bank,Supranational,TRUE,https://www.greenbondtransparency.com/download-document/?entity=Framework&handle=20ab6a5a7a89447fa8ffc6208696d342,NA,NA,NA,NA,USD
https://www.greenbondtransparency.com/bond-info/?handle=de08d71d4fcd410eac1c1c388f5743cc,de08d71d4fcd410eac1c1c388f5743cc,BRRANIDBS031,NA,NA,RANI14,Irani Green Bond 2029,Irani Papel e Embalagem S.A.,Non-Financial Corporate,Brazil,FALSE,NA,2021-03-31T00:00:00Z,2029-12-15T00:00:00Z,10531304,60000000,BRL
https://www.greenbondtransparency.com/bond-info/?handle=33ceef813ef14aac8ab44dc3a53606d8,33ceef813ef14aac8ab44dc3a53606d8,COB07CB00611,NA,NA,NA,Bancolombia Bono Sostenible,Grupo Bancolombia,Financial Corporate,Colombia,FALSE,https://www.greenbondtransparency.com/download-document/?entity=Framework&handle=e7161c8807ca44e085439ddf548d7489,2019-07-19T00:00:00Z,2024-07-19T00:00:00Z,206408402,657000000000,COP
https://www.greenbondtransparency.com/bond-info/?handle=874808e162394384acb97cc13c29e805,874808e162394384acb97cc13c29e805,XS2318617185,NA,BBG00ZLGVWW3,NA,BCI - USD 2029,Banco de Crédito e Inversiones,Financial Corporate,Chile,FALSE,https://www.greenbondtransparency.com/download-document/?entity=Framework&handle=8dc563c540c1439a8c930ddbfada75ef,2021-03-17T00:00:00Z,2029-12-03T00:00:00Z,54000000,54000000,USD
https://www.greenbondtransparency.com/bond-info/?handle=fe8a86a4318f49fb850f1dfa256f263b,fe8a86a4318f49fb850f1dfa256f263b,MX90GC040000,AM3592905,BBG00FWZHJQ5,90_GCDMXCB_16V,GCDMXCB 16V,Gobierno de la Ciudad de México,Local government,Mexico,FALSE,NA,2016-12-07T00:00:00Z,2021-12-07T00:00:00Z,49269093,1000000000,MXN
https://www.greenbondtransparency.com/bond-info/?handle=63eb049b54cf46b8871604a7b6c595b4,63eb049b54cf46b8871604a7b6c595b4,US90363PAA49,NA,BBG00YGNGLS3,NA,UEP Penonome II,"UEP Penonome II, S.A.",Non-Financial Corporate,Panama,FALSE,NA,2020-12-18T00:00:00Z,2038-10-01T00:00:00Z,262664000,262664000,USD
https://www.greenbondtransparency.com/bond-info/?handle=19a9b617aa704f8285094522d06a5367,19a9b617aa704f8285094522d06a5367,BRNEOEDBS047,NA,BBG00PQCN094,NA,Neoenergia - 6ª emissão de debêntures,Grupo Neoenergia,Non-Financial Corporate,Brazil,FALSE,NA,2019-07-10T00:00:00Z,2033-06-15T00:00:00Z,343437160,1294449000,BRL
https://www.greenbondtransparency.com/bond-info/?handle=3e001fbc60b6457dbbb4e67ee69152c0,3e001fbc60b6457dbbb4e67ee69152c0,CL0002521988,NA,NA,NA,BAGUA-AE,Aguas Andinas,Non-Financial Corporate,Chile,FALSE,https://www.greenbondtransparency.com/download-document/?entity=Framework&handle=44e38dbb4e334294b5534acaf9930631,2019-04-11T00:00:00Z,2044-03-15T00:00:00Z,81506332,2000000,CLF
https://www.greenbondtransparency.com/bond-info/?handle=b5a27427940641ac941aae5bb87fc15e,b5a27427940641ac941aae5bb87fc15e,COB07CBBO198,NA,NA,NA,Bancolombia Bono Sostenible 2021,Grupo Bancolombia,Financial Corporate,Colombia,FALSE,https://www.greenbondtransparency.com/download-document/?entity=Framework&handle=e7161c8807ca44e085439ddf548d7489,2021-09-16T00:00:00Z,2033-09-16T00:00:00Z,156847983,600000000000,COP
https://www.greenbondtransparency.com/bond-info/?handle=43da939a64e7473388d28a08a74f1490,43da939a64e7473388d28a08a74f1490,COB01CB00135,No aplica,NA,NA,Primera Emisión Bono Verde Banco de Bogotá,Banco de Bogotá,Non-Financial Corporate,Colombia,FALSE,https://www.greenbondtransparency.com/download-document/?entity=Framework&handle=f3dbd2a2f86048d3b238e68cedcb70fa,2020-09-24T00:00:00Z,2025-09-24T00:00:00Z,77647790,300000000000,COP
https://www.greenbondtransparency.com/bond-info/?handle=a0bc4c5a1c144c07bd4a964abff5f34f,a0bc4c5a1c144c07bd4a964abff5f34f,NA,NA,NA,ISA GB2020,ISA GB2020 Tramo 14,ISA - Interconexión Eléctrica S.A. E.S.P.,Non-Financial Corporate,Colombia,TRUE,NA,NA,2040-08-13T00:00:00Z,NA,NA,COP
https://www.greenbondtransparency.com/bond-info/?handle=5e83524c4bff46698146fad15dedc311,5e83524c4bff46698146fad15dedc311,BRESB1DBS004,NA,BBG00ZVN1906,NA,E1 ENERGIA GREEN BOND,"E1 Energia, Brasil",Non-Financial Corporate,Brazil,FALSE,https://www.greenbondtransparency.com/download-document/?entity=Framework&handle=95bbca5a4dd447cd8e159fa1f8155886,2021-03-15T00:00:00Z,2030-03-15T00:00:00Z,26644877,150000000,BRL
https://www.greenbondtransparency.com/bond-info/?handle=731de09d90c6433a8eddaf8aa22dc123,731de09d90c6433a8eddaf8aa22dc123,BR07S4CTF001,NA,NA,NA,Green FIDC Solar GD Órigo,Albion Capital Ltda,Financial Corporate,Brazil,FALSE,NA,2021-03-31T00:00:00Z,2031-07-31T00:00:00Z,24673072,140389781,BRL
https://www.greenbondtransparency.com/bond-info/?handle=0ed1b474d025484781d9dddf7b4e395a,0ed1b474d025484781d9dddf7b4e395a,MXCDBA0300A2,NA,BBG013865923,BACMEXT 21X,Bancomext Senior Notes 21x,Bancomext,Financial Corporate,Mexico,FALSE,https://www.greenbondtransparency.com/download-document/?entity=Framework&handle=41f78746078d444787f9a1f78b30153c,2021-10-26T00:00:00Z,2024-10-25T00:00:00Z,147597845,3000000000,MXN
https://www.greenbondtransparency.com/bond-info/?handle=f1d14902b93342ed933751f295a5a0ab,f1d14902b93342ed933751f295a5a0ab,PAL3009913H7,NA,NA,NA,CIFI Serie H,Corporación Interamericana para el Financiamiento de Infraestructura (CIFI),Financial Corporate,Panama,FALSE,NA,2020-08-29T00:00:00Z,2021-11-24T00:00:00Z,1000000,1000000,USD
https://www.greenbondtransparency.com/bond-info/?handle=22fbd3d08bab4319a6ba0483c84d2380,22fbd3d08bab4319a6ba0483c84d2380,NA,NA,NA,PR_PL_ATHON,Athon Geração Distribuída Green Bond,Grupo Athon,Non-Financial Corporate,Brazil,FALSE,https://www.greenbondtransparency.com/download-document/?entity=Framework&handle=50f2b7fafb124d06ab93eef678436e3e,2019-07-19T00:00:00Z,2022-07-19T00:00:00Z,7532830,40150000,BRL
https://www.greenbondtransparency.com/bond-info/?handle=72b244fd46b444aba44095c0ca650e2f,72b244fd46b444aba44095c0ca650e2f,USA35155AB50,NA,BBG00NQJNB18,NA,Klabin 2049,Klabin S.A.,Non-Financial Corporate,Brazil,FALSE,https://www.greenbondtransparency.com/download-document/?entity=Framework&handle=9abfc296b9b74968b8b8bba5571996b7,2019-04-03T00:00:00Z,2049-04-03T00:00:00Z,700000000,700000000,USD
https://www.greenbondtransparency.com/bond-info/?handle=2713ee8efde4440b875f3a181f33a9f4,2713ee8efde4440b875f3a181f33a9f4,BRTRPLDBS071,NA,BBG00KVC0Y18,CTEE17,ISA CTEEP - 7ª Emissão,CTEEP - Companhia de Transmissão de Energia Elétrica Paulista,Non-Financial Corporate,Brazil,FALSE,NA,2018-05-02T00:00:00Z,2025-04-15T00:00:00Z,119500000,621000000,BRL
https://www.greenbondtransparency.com/bond-info/?handle=a203bf32e36b489bacf6ec7972d80d21,a203bf32e36b489bacf6ec7972d80d21,NA,NA,NA,BANCOMEXT CEBUR,Bancomext Senior Notes 2022,Bancomext,Financial Corporate,Mexico,TRUE,NA,NA,2032-03-16T00:00:00Z,NA,NA,MXN
https://www.greenbondtransparency.com/bond-info/?handle=4de81a22550d465b9b985c699f30e69b,4de81a22550d465b9b985c699f30e69b,BRPASNDBS018,NA,BBG00WGHMDH3,NA,Título Sustentável Paranaguá,Iguá Saneamento,Non-Financial Corporate,Brazil,FALSE,NA,2020-07-15T00:00:00Z,2030-07-15T00:00:00Z,49936379,259804000,BRL
https://www.greenbondtransparency.com/bond-info/?handle=cf66b508001443ac91da2b4215b60b7b,cf66b508001443ac91da2b4215b60b7b,VIVENDA,NA,NA,NA,Programa Vivenda,Grupo Gaia,Financial Corporate,Brazil,FALSE,NA,2017-10-16T00:00:00Z,2027-10-15T00:00:00Z,1582000,5000000,BRL
https://www.greenbondtransparency.com/bond-info/?handle=16e566aa3fe94a5dad3b8f95dc398955,16e566aa3fe94a5dad3b8f95dc398955,BROMGEDBS051,NA,NA,OMGE22,OMGE22,Omega Energia,Non-Financial Corporate,Brazil,FALSE,NA,2020-09-15T00:00:00Z,2028-09-15T00:00:00Z,9482628,50000000,BRL
https://www.greenbondtransparency.com/bond-info/?handle=6699aa37a3de4631b0742dedc052011e,6699aa37a3de4631b0742dedc052011e,MX91AG050018,NA,BBG00H2F8GK0,AGUA 17-2X,AGUA 17-2x,Grupo Rotoplas SAB,Non-Financial Corporate,Mexico,FALSE,https://www.greenbondtransparency.com/download-document/?entity=Framework&handle=95b3eb28144a4ce6a75c1665a0a4d887,2017-06-28T00:00:00Z,2027-06-28T00:00:00Z,246836426,4600000000,MXN
https://www.greenbondtransparency.com/bond-info/?handle=7d27df26e2924c4d9fcf8ba0c0d9d684,7d27df26e2924c4d9fcf8ba0c0d9d684,USL5828LAB55,NA,BBG00HPK5N13,NA,Klabin 2027,Klabin S.A.,Non-Financial Corporate,Brazil,FALSE,https://www.greenbondtransparency.com/download-document/?entity=Framework&handle=9abfc296b9b74968b8b8bba5571996b7,2017-09-19T00:00:00Z,2027-09-19T00:00:00Z,500000000,500000000,USD
https://www.greenbondtransparency.com/bond-info/?handle=a561c543716445c4b7d17b219e4eaf09,a561c543716445c4b7d17b219e4eaf09,XS1843433639,NA,BBG00PKC7RS8,NA,Chile -EUR 2031,Ministry of Finance of the Republic of Chile,Sovereign,Chile,FALSE,https://www.greenbondtransparency.com/download-document/?entity=Framework&handle=b25746bc73674469a979cd1218fc9355,2019-06-25T00:00:00Z,2031-07-02T00:00:00Z,2221232860,1954685000,EUR
https://www.greenbondtransparency.com/bond-info/?handle=b490975cce04415b9354b4cb9beb18ed,b490975cce04415b9354b4cb9beb18ed,NA,NA,NA,WREL#2,Williams Renewable Energy Limited #2,Williams Caribbean Capital,Non-Financial Corporate,Barbados,TRUE,NA,NA,NA,NA,NA,BBD
https://www.greenbondtransparency.com/bond-info/?handle=675b2c75c3cf4ef5be3d6cf3421d4300,675b2c75c3cf4ef5be3d6cf3421d4300,BRTRPLDBS0E9,NA,BBG00Z71T3Y7,CTEEA0,ISA CTEEP - 10ª Emissão,CTEEP - Companhia de Transmissão de Energia Elétrica Paulista,Non-Financial Corporate,Brazil,FALSE,https://www.greenbondtransparency.com/download-document/?entity=Framework&handle=e791ce8ea3eb4c6897df799280b78881,2021-02-10T00:00:00Z,2044-07-15T00:00:00Z,129400000,672500000,BRL
https://www.greenbondtransparency.com/bond-info/?handle=b9e53c01ef12400ea7f0a9fcfb8945de,b9e53c01ef12400ea7f0a9fcfb8945de,MXCDBA0300E4,NA,BBG016XZJ395,BACMEXT 22-3X,Bancomext Senior Notes 22 3x,Bancomext,Financial Corporate,Mexico,FALSE,https://www.greenbondtransparency.com/download-document/?entity=Framework&handle=41f78746078d444787f9a1f78b30153c,2022-03-23T00:00:00Z,2032-03-16T00:00:00Z,198812097,4000000000,MXN
https://www.greenbondtransparency.com/bond-info/?handle=8d5678c837d04ad1b519d55593035eaa,8d5678c837d04ad1b519d55593035eaa,NA,NA,NA,PR_PL_ERGONPERU,ERGON PERÚ - BONO VERDE,Ergon Perú S.A.C,Non-Financial Corporate,Peru,FALSE,NA,2019-07-11T00:00:00Z,2034-06-30T00:00:00Z,219270538,219270538,USD
https://www.greenbondtransparency.com/bond-info/?handle=a31693d3e7bf4b0490bc87250076b904,a31693d3e7bf4b0490bc87250076b904,BRCGEPDBS000,NA,BBG00LZCH1F1,CGEP12,Green Bond Rio Energy Serra da Babilonia Wind Complex,Rio Energy Participações,Non-Financial Corporate,Brazil,FALSE,NA,2018-08-15T00:00:00Z,2033-04-15T00:00:00Z,32656920,127780000,BRL
https://www.greenbondtransparency.com/bond-info/?handle=3b70961fc8884f169dc04b9d539085f2,3b70961fc8884f169dc04b9d539085f2,MX95FE0401J4,NA,NA,NA,FEFA 19V,Fondo Especial para Financiamientos Agropecuarios (FEFA),Development Bank,Mexico,FALSE,https://www.greenbondtransparency.com/download-document/?entity=Framework&handle=db1cda571f7a40d78a10fa816b44c3d0,2019-11-22T00:00:00Z,2023-02-10T00:00:00Z,128932439,2500000000,MXN
https://www.greenbondtransparency.com/bond-info/?handle=08736641da994e8497cd2ef0703f97f4,08736641da994e8497cd2ef0703f97f4,US168863DN50,NA,BBG00RHW0199,NA,Chile - USD 2032,Ministry of Finance of the Republic of Chile,Sovereign,Chile,FALSE,https://www.greenbondtransparency.com/download-document/?entity=Framework&handle=b25746bc73674469a979cd1218fc9355,2020-01-22T00:00:00Z,2032-01-27T00:00:00Z,1500000000,1500000000,USD
https://www.greenbondtransparency.com/bond-info/?handle=4402b99ca0974803b1b4b959a37fca7d,4402b99ca0974803b1b4b959a37fca7d,XS2081543204,NA,BBG00QV12752,NA,CAF EUR BENCHMARK 7Y,CAF - Banco de Desarrollo de America Latina,Development Bank,Supranational,FALSE,https://www.greenbondtransparency.com/download-document/?entity=Framework&handle=20ab6a5a7a89447fa8ffc6208696d342,2019-11-20T00:00:00Z,2026-11-20T00:00:00Z,825187500,750000000,EUR
https://www.greenbondtransparency.com/bond-info/?handle=846e9c246ab34723bcc280ee825e8fa8,846e9c246ab34723bcc280ee825e8fa8,NA,NA,NA,WREL#1 Note E,WREL#1 Note E,Williams Caribbean Capital,Non-Financial Corporate,Barbados,FALSE,NA,2019-06-30T00:00:00Z,2023-06-30T00:00:00Z,1500000,3000000,BBD
https://www.greenbondtransparency.com/bond-info/?handle=2a7f1db976e749ceace3907f38ec71be,2a7f1db976e749ceace3907f38ec71be,NA,NA,NA,BDMGBZ,BDMG Sustainable Bond,BDMG,Development Bank,Brazil,FALSE,NA,2020-12-18T00:00:00Z,2027-12-18T00:00:00Z,50000000,50000000,USD
https://www.greenbondtransparency.com/bond-info/?handle=f0dceb4939764cf79116320d82d6536c,f0dceb4939764cf79116320d82d6536c,LTTE15,NA,NA,NA,Gemini Energy - Linhas de Taubaté Transmissora de Energia S.A,Gemini Energy S.A.,Non-Financial Corporate,Brazil,FALSE,NA,2020-11-20T00:00:00Z,2038-11-20T00:00:00Z,76235101,410000000,BRL
https://www.greenbondtransparency.com/bond-info/?handle=5787e355e9bd42c7bc1457de45e69f11,5787e355e9bd42c7bc1457de45e69f11,PAL3009913A2,NA,BBG00QFWMT70,NA,CIFI Serie A,Corporación Interamericana para el Financiamiento de Infraestructura (CIFI),Financial Corporate,Panama,FALSE,NA,2019-09-24T00:00:00Z,2022-09-30T00:00:00Z,15000000,15000000,USD
https://www.greenbondtransparency.com/bond-info/?handle=7764daf78634437c8d58059674d26e96,7764daf78634437c8d58059674d26e96,BRTRPLDBS089,NA,BBG00R4VZ614,CTEE18,ISA CTEEP - 8ª Emissão,CTEEP - Companhia de Transmissão de Energia Elétrica Paulista,Non-Financial Corporate,Brazil,FALSE,NA,2019-12-20T00:00:00Z,2029-12-15T00:00:00Z,78700000,409000000,BRL
https://www.greenbondtransparency.com/bond-info/?handle=a140093146e2423aae9bab50d3386544,a140093146e2423aae9bab50d3386544,NA,NA,BBG0149HJGY0,NA,Local Green Bond - Series XXXV,Genneia S.A.,Non-Financial Corporate,Argentina,FALSE,https://www.greenbondtransparency.com/download-document/?entity=Framework&handle=0861b552d06e4b9799ebc7a3b1aa7e2a,2021-12-23T00:00:00Z,2024-12-23T00:00:00Z,17300000,17300000,USD
https://www.greenbondtransparency.com/bond-info/?handle=25c3df197dbe40e98c935279203ab764,25c3df197dbe40e98c935279203ab764,PAL3009913I5,NA,NA,NA,CIFI Serie I,Corporación Interamericana para el Financiamiento de Infraestructura (CIFI),Financial Corporate,Panama,FALSE,NA,2020-10-02T00:00:00Z,2022-10-06T00:00:00Z,4000000,4000000,USD
https://www.greenbondtransparency.com/bond-info/?handle=f1985f32b06e470d94a2449373c82379,f1985f32b06e470d94a2449373c82379,PAL3009913D6,NA,NA,NA,CIFI Serie D,Corporación Interamericana para el Financiamiento de Infraestructura (CIFI),Financial Corporate,Panama,FALSE,NA,2019-12-16T00:00:00Z,2024-12-18T00:00:00Z,7000000,7000000,USD
https://www.greenbondtransparency.com/bond-info/?handle=009d5aef8eb040e39ea6ab6db3788d97,009d5aef8eb040e39ea6ab6db3788d97,PAL3009913F1,NA,NA,NA,CIFI Serie F,Corporación Interamericana para el Financiamiento de Infraestructura (CIFI),Financial Corporate,Panama,FALSE,NA,2020-02-26T00:00:00Z,2023-02-28T00:00:00Z,1000000,1000000,USD
https://www.greenbondtransparency.com/bond-info/?handle=9c8ab892f54b40c8817e29c75c9c5029,9c8ab892f54b40c8817e29c75c9c5029,MXCDBA0300C8,NA,BBG01386H8Q6,BACMEXT 21-3X,Bancomext Senior Notes 21 3x,Bancomext,Financial Corporate,Mexico,FALSE,https://www.greenbondtransparency.com/download-document/?entity=Framework&handle=41f78746078d444787f9a1f78b30153c,2021-10-26T00:00:00Z,2031-10-17T00:00:00Z,295195690,6000000000,MXN
https://www.greenbondtransparency.com/bond-info/?handle=9e3d5a4bf8ef4c9bb3306040e0cd6790,9e3d5a4bf8ef4c9bb3306040e0cd6790,USP58072AL66,NA,BBG00GCM8LR8,NA,Green Bond CMPC 2017,CMPC,Non-Financial Corporate,Chile,FALSE,NA,2017-04-04T00:00:00Z,2027-04-04T00:00:00Z,500000000,500000000,USD
https://www.greenbondtransparency.com/bond-info/?handle=5b9bc195be534adaa28f29ea980225c8,5b9bc195be534adaa28f29ea980225c8,BRTRPLDBS0D1,NA,BBG00YG422X6,CTEE29,ISA CTEEP - 9ª Emissão (2ª Serie),CTEEP - Companhia de Transmissão de Energia Elétrica Paulista,Non-Financial Corporate,Brazil,FALSE,https://www.greenbondtransparency.com/download-document/?entity=Framework&handle=e791ce8ea3eb4c6897df799280b78881,2020-12-07T00:00:00Z,2044-05-15T00:00:00Z,154000000,800000000,BRL
https://www.greenbondtransparency.com/bond-info/?handle=19c1f11e1a3f444cae63d334393894ed,19c1f11e1a3f444cae63d334393894ed,PEP50420M017,NA,BBG00MCDMXF6,NA,"Green Bond Protisa Perú, CMPC",PROTISA Perú,Non-Financial Corporate,Peru,FALSE,https://www.greenbondtransparency.com/download-document/?entity=Framework&handle=d8dd0247138a43a6abc81107430dc6c1,2018-10-23T00:00:00Z,2024-10-23T00:00:00Z,33012000,100000000,PEN
https://www.greenbondtransparency.com/bond-info/?handle=75ebf4bea1c94bb19c2ffc24f937cac8,75ebf4bea1c94bb19c2ffc24f937cac8,BRGAFLCRA0Z3,NA,NA,NA,CRA Tabôa Fortalecimento,Grupo Gaia,Financial Corporate,Brazil,FALSE,NA,2020-12-10T00:00:00Z,2026-03-30T00:00:00Z,208416,1050000,BRL
https://www.greenbondtransparency.com/bond-info/?handle=19e36a4428614da782362502bd1291a3,19e36a4428614da782362502bd1291a3,BRATAMDBS010,NA,BBG00QJ63P18,NA,Attend Ambiental 2026,Attend Ambiental S.A.,Non-Financial Corporate,Brazil,FALSE,NA,2019-10-09T00:00:00Z,2026-10-15T00:00:00Z,13000000,55000000,BRL
https://www.greenbondtransparency.com/bond-info/?handle=a86346b545214fce9c82bd25f5b032ed,a86346b545214fce9c82bd25f5b032ed,BRALGEDBS037,NA,BBG0125H2GH5,ALIG14,First Climate Bond Issuance of Aliança Energia S.A.,Aliança Geração de Energia S.A.,Non-Financial Corporate,Brazil,FALSE,NA,2021-08-15T00:00:00Z,2035-08-15T00:00:00Z,41926324,220000000,BRL
https://www.greenbondtransparency.com/bond-info/?handle=5350c0b9a9a4490689021b2d8added30,5350c0b9a9a4490689021b2d8added30,BRAPCSCRI8Y6,NA,NA,NA,Green CRI Órigo,Albion Capital Ltda,Financial Corporate,Brazil,FALSE,NA,2021-02-12T00:00:00Z,2031-03-07T00:00:00Z,11908000,64064000,BRL
https://www.greenbondtransparency.com/bond-info/?handle=82f9c056cca1404e906b6d3270884a77,82f9c056cca1404e906b6d3270884a77,PAL3009913J3,NA,NA,NA,CIFI Serie J,Corporación Interamericana para el Financiamiento de Infraestructura (CIFI),Financial Corporate,Panama,FALSE,NA,2020-10-26T00:00:00Z,2023-10-28T00:00:00Z,2000000,2000000,USD
https://www.greenbondtransparency.com/bond-info/?handle=0a375fceacec416eab4e7bd776b260c3,0a375fceacec416eab4e7bd776b260c3,ARCPMA560017,NA,NA,OMC10,Clase I,CP Los Olivos y CP Manque,Non-Financial Corporate,Argentina,FALSE,NA,2020-09-02T00:00:00Z,2023-09-02T00:00:00Z,35160000,35160000,USD
https://www.greenbondtransparency.com/bond-info/?handle=4e17f0d80ab34899bc0d289e2bbfe144,4e17f0d80ab34899bc0d289e2bbfe144,CL0002435833,NA,NA,NA,BAGUA-AC,Aguas Andinas,Non-Financial Corporate,Chile,FALSE,https://www.greenbondtransparency.com/download-document/?entity=Framework&handle=70c67210b92a4b7690c983e47607acea,2018-04-18T00:00:00Z,2025-03-14T00:00:00Z,58974060,1500000,CLF
https://www.greenbondtransparency.com/bond-info/?handle=3138cc32cdef45918af3cade062653bd,3138cc32cdef45918af3cade062653bd,MX95FE040186,NA,NA,NA,FEFA 18V,Fondo Especial para Financiamientos Agropecuarios (FEFA),Development Bank,Mexico,FALSE,https://www.greenbondtransparency.com/download-document/?entity=Framework&handle=db1cda571f7a40d78a10fa816b44c3d0,2018-10-23T00:00:00Z,2021-10-19T00:00:00Z,128733264,2500000000,MXN
https://www.greenbondtransparency.com/bond-info/?handle=db0aed66fef140e2bec6644ac909c86c,db0aed66fef140e2bec6644ac909c86c,NA,NA,BBG0149HK0D6,NA,Local Green Bond - Series XXXVI,Genneia S.A.,Non-Financial Corporate,Argentina,FALSE,https://www.greenbondtransparency.com/download-document/?entity=Framework&handle=0861b552d06e4b9799ebc7a3b1aa7e2a,2021-12-23T00:00:00Z,2031-12-23T00:00:00Z,50000000,50000000,USD
https://www.greenbondtransparency.com/bond-info/?handle=cffe109b8d59400dbf3b62d9e36c0d76,cffe109b8d59400dbf3b62d9e36c0d76,MX90GC040018,AP2487621,BBG00HSGX4Z3,90_GCDMXCB_17X,GCDMXCB 17X,Gobierno de la Ciudad de México,Local government,Mexico,FALSE,NA,2017-09-19T00:00:00Z,2028-03-07T00:00:00Z,112585354,2000000000,MXN
https://www.greenbondtransparency.com/bond-info/?handle=21273ccef0ca496f88b04b4970e3394e,21273ccef0ca496f88b04b4970e3394e,BRJTEEDBS010,NA,BBG00R9NDNK3,NA,Segunda Emissão Janaúba,TAESA,Non-Financial Corporate,Brazil,FALSE,NA,2019-12-20T00:00:00Z,2044-12-15T00:00:00Z,133008850,575000000,BRL
https://www.greenbondtransparency.com/bond-info/?handle=a0aa44bf434b49beaeb87649efc4f8f9,a0aa44bf434b49beaeb87649efc4f8f9,US168863DL94,NA,BBG00PGF6K39,NA,Chile - USD 2050,Ministry of Finance of the Republic of Chile,Sovereign,Chile,FALSE,https://www.greenbondtransparency.com/download-document/?entity=Framework&handle=b25746bc73674469a979cd1218fc9355,2019-06-17T00:00:00Z,2050-01-25T00:00:00Z,2318357000,2318357000,USD
https://www.greenbondtransparency.com/bond-info/?handle=bfc6f6927d0842d4b44fe9c260c3a4fa,bfc6f6927d0842d4b44fe9c260c3a4fa,NA,NA,NA,PR_PL_BICE,Bono sostenible BICE,Banco de Inversión y Comercio Exterior,Development Bank,Argentina,FALSE,https://www.greenbondtransparency.com/download-document/?entity=Framework&handle=e7422ceebd5f4b049171588f9f404b91,2018-12-07T00:00:00Z,2023-12-06T00:00:00Z,30000000,30000000,USD
https://www.greenbondtransparency.com/bond-info/?handle=45bc04beee6449828a1dd7bb19ad2945,45bc04beee6449828a1dd7bb19ad2945,NA,NA,BBG01248N435,NA,Local Green Bond - Series XXXIV,Genneia S.A.,Non-Financial Corporate,Argentina,FALSE,https://www.greenbondtransparency.com/download-document/?entity=Framework&handle=0861b552d06e4b9799ebc7a3b1aa7e2a,2021-08-10T00:00:00Z,2024-08-10T00:00:00Z,15605522,15605522,USD
https://www.greenbondtransparency.com/bond-info/?handle=cfd7ae09c92d481ba80c9caf94bf5d8d,cfd7ae09c92d481ba80c9caf94bf5d8d,NA,NA,NA,PR_PL_SOLARIA,Natelu Yarnel Solar Uruguay Trust,Solaria Energía y Medio Ambiente SA,Non-Financial Corporate,Uruguay,FALSE,NA,2020-11-16T00:00:00Z,2040-11-15T00:00:00Z,25264000,25264000,USD
https://www.greenbondtransparency.com/bond-info/?handle=69021b69981246b2b037aa13c8fabc98,69021b69981246b2b037aa13c8fabc98,BRIGSNDBS044,NA,BBG00WFC29W9,NA,Título Sustentável Cuiabá,Iguá Saneamento,Non-Financial Corporate,Brazil,FALSE,NA,2020-07-15T00:00:00Z,2034-07-15T00:00:00Z,119262306,620486000,BRL
https://www.greenbondtransparency.com/bond-info/?handle=8b6c8d33bb7747b3b7811d6ebf1edd18,8b6c8d33bb7747b3b7811d6ebf1edd18,BRNITADBS003,NA,BBG00SJ4XZ50,NA,Neoenergia Itabapoana - 1ª Emissão de Debêntures,Grupo Neoenergia,Non-Financial Corporate,Brazil,FALSE,NA,2020-02-27T00:00:00Z,2045-02-15T00:00:00Z,67039106,300000000,BRL
https://www.greenbondtransparency.com/bond-info/?handle=c8db70a600e4496aa0bdff98338e72ee,c8db70a600e4496aa0bdff98338e72ee,NA,NA,NA,CIFI_GB,CIFI Green Bond Program,Corporación Interamericana para el Financiamiento de Infraestructura (CIFI),Financial Corporate,Panama,TRUE,https://www.greenbondtransparency.com/download-document/?entity=Framework&handle=4d55cd98379640de90be2eb2fa9aba1f,NA,NA,NA,NA,USD
https://www.greenbondtransparency.com/bond-info/?handle=28ae5ae6b38d4f6ea026a78ebefacd1b,28ae5ae6b38d4f6ea026a78ebefacd1b,BRVERTCRA286,NA,NA,NA,CRA TEREOS,VERT Companhia Securitizadora,Non-Financial Corporate,Brazil,FALSE,https://www.greenbondtransparency.com/download-document/?entity=Framework&handle=0ca1bbf86b2045aba7e8ff9a179c2758,2021-03-29T00:00:00Z,2026-03-16T00:00:00Z,60339509,347809000,BRL
https://www.greenbondtransparency.com/bond-info/?handle=26a5760d5ece44d0b9a7553dae41917f,26a5760d5ece44d0b9a7553dae41917f,BRTSMMDBS009,NA,BBG00R9CGHN4,ALUBR 4.5 12/15,TSM - Transmissora Serra da Mantiqueira S.A.,TSM Transmissora Serra da Mantiqueira SA,Non-Financial Corporate,Brazil,FALSE,NA,2019-12-15T00:00:00Z,2044-12-15T00:00:00Z,129429290,530000000,BRL
https://www.greenbondtransparency.com/bond-info/?handle=1403dbb9be5b4892b8984de9f4461536,1403dbb9be5b4892b8984de9f4461536,NA,NA,NA,BNCMXT CEBUR21,Bancomext Senior Notes 2021,Bancomext,Financial Corporate,Mexico,TRUE,https://www.greenbondtransparency.com/download-document/?entity=Framework&handle=41f78746078d444787f9a1f78b30153c,NA,2031-10-17T00:00:00Z,NA,NA,MXN
https://www.greenbondtransparency.com/bond-info/?handle=9bd98e9cc0fd42a69775ddbd0c63147a,9bd98e9cc0fd42a69775ddbd0c63147a,BRERENDBS073,NA,NA,NA,Terceira Emissão De Debêntures Simples Da Eren Dracena Participações S.A.,Total Eren,Non-Financial Corporate,Brazil,FALSE,NA,2020-02-15T00:00:00Z,2037-09-15T00:00:00Z,65152642,280000000,BRL
https://www.greenbondtransparency.com/bond-info/?handle=e409442424864da7afa12f94bb6ac8de,e409442424864da7afa12f94bb6ac8de,US46137NAC20,46137NAC2,BBG011CKB3Z1,ILAPCL 144A,Inversiones Latin America Power 144A Note,Inversiones Latin America Power (ILAP),Non-Financial Corporate,Chile,FALSE,https://www.greenbondtransparency.com/download-document/?entity=Framework&handle=a40381fb70654535ada4454c2ff5e808,2021-06-09T00:00:00Z,2033-06-15T00:00:00Z,153670000,153670000,USD
https://www.greenbondtransparency.com/bond-info/?handle=1ebb3382d810474480d9b51700c98bf5,1ebb3382d810474480d9b51700c98bf5,MXCDBA0300B0,NA,BBG01386BXD1,BACMEXT 21-2X,Bancomext Senior Notes 21 2x,Bancomext,Financial Corporate,Mexico,FALSE,https://www.greenbondtransparency.com/download-document/?entity=Framework&handle=41f78746078d444787f9a1f78b30153c,2021-10-26T00:00:00Z,2026-10-23T00:00:00Z,49199281,1000000000,MXN
https://www.greenbondtransparency.com/bond-info/?handle=ef2fe8d0cf9f4c9b9cd7bec81089a3e3,ef2fe8d0cf9f4c9b9cd7bec81089a3e3,USP09110AB65,NA,BBG00YFD1S16,BACOPY,Banco Continental Sustainable Bond,Banco Continental SAECA,Financial Corporate,Paraguay,FALSE,https://www.greenbondtransparency.com/download-document/?entity=Framework&handle=ee40d1f5b8cf43d5a5e7373fcead8db7,2020-12-10T00:00:00Z,2025-12-10T00:00:00Z,300000000,300000000,USD
https://www.greenbondtransparency.com/bond-info/?handle=1acde4773c8e492f89fd03b885d35f46,1acde4773c8e492f89fd03b885d35f46,US46556M2A90,46556M2A9,NA,NA,IUH Tier 2 Subordinated Sustainable Notes,Itau-Unibanco,Financial Corporate,Brazil,TRUE,NA,NA,2031-04-15T00:00:00Z,NA,NA,USD
https://www.greenbondtransparency.com/bond-info/?handle=ee7a68239dbe4664adad596c19403c93,ee7a68239dbe4664adad596c19403c93,US05674XAA90,05674XAA9,NA,NA,Suzano Papel e Celulose Green Bond 2026,Suzano Papel e Celulose,Non-Financial Corporate,Brazil,FALSE,NA,2016-07-14T00:00:00Z,2026-07-14T00:00:00Z,700000000,700000000,USD
https://www.greenbondtransparency.com/bond-info/?handle=ac1e3c0e77e8451281967844be46aafd,ac1e3c0e77e8451281967844be46aafd,NA,NA,NA,WREL#1_B,WREL#1 Note B,Williams Caribbean Capital,Non-Financial Corporate,Barbados,FALSE,NA,2020-06-30T00:00:00Z,2024-06-30T00:00:00Z,2000000,4000000,BBD
https://www.greenbondtransparency.com/bond-info/?handle=a70a185c981f45a483e6d1f133ccf7d2,a70a185c981f45a483e6d1f133ccf7d2,MX95FE0401P1,NA,NA,NA,FEFA 20V,Fondo Especial para Financiamientos Agropecuarios (FEFA),Development Bank,Mexico,FALSE,https://www.greenbondtransparency.com/download-document/?entity=Framework&handle=a15f538c621d460dac7d16f40b18d701,2020-06-26T00:00:00Z,2023-06-23T00:00:00Z,130548303,3000000000,MXN
https://www.greenbondtransparency.com/bond-info/?handle=abd0c7b98f1b493c9940586652a55745,abd0c7b98f1b493c9940586652a55745,NA,NA,NA,PR_PL_MLP,Mesa La Paz Green Bond,Mesa La Paz,Non-Financial Corporate,Mexico,FALSE,NA,2018-05-21T00:00:00Z,2044-05-20T00:00:00Z,304150000,304150000,USD
https://www.greenbondtransparency.com/bond-info/?handle=d926bd6190f14503bf5981ccf4d7c715,d926bd6190f14503bf5981ccf4d7c715,USP14486AM92,P14486AM9,BBG00GM45ZM4,NA,BNDES Green Bond 2017,BNDES,Development Bank,Brazil,FALSE,https://www.greenbondtransparency.com/download-document/?entity=Framework&handle=8248830a582148988b2d374bbe06b15d,2017-05-09T00:00:00Z,2024-05-09T00:00:00Z,1000000000,1000000000,USD
https://www.greenbondtransparency.com/bond-info/?handle=2fdfc64b87b840a397dbab7ef4863118,2fdfc64b87b840a397dbab7ef4863118,BROMNGDBS011,NA,NA,OMNG12,OMNG12,Omega Energia,Non-Financial Corporate,Brazil,FALSE,NA,2017-10-15T00:00:00Z,2029-12-15T00:00:00Z,69681997,220000000,BRL
https://www.greenbondtransparency.com/bond-info/?handle=fe0a421accf44c3d96fa8f387676d503,fe0a421accf44c3d96fa8f387676d503,BROCTSCRA3B3,NA,NA,NA,CRA Eucalipto 2,FS Agribusiness,Non-Financial Corporate,Brazil,FALSE,https://www.greenbondtransparency.com/download-document/?entity=Framework&handle=06916bad6f3d4631a2127d3f46ff766d,2021-11-18T00:00:00Z,2026-11-17T00:00:00Z,2884442,16000000,BRL
https://www.greenbondtransparency.com/bond-info/?handle=6f267b54dd6942f79b3910d04d4f7d65,6f267b54dd6942f79b3910d04d4f7d65,US05971AAG67,NA,BBG00YS3V5H4,NA,BTG Pactual Green Bond,BTG Pactual,Financial Corporate,Brazil,FALSE,https://www.greenbondtransparency.com/download-document/?entity=Framework&handle=4fe1e360ebb54d2881c324702c05ca4c,2021-01-06T00:00:00Z,2026-01-11T00:00:00Z,500000000,500000000,USD
https://www.greenbondtransparency.com/bond-info/?handle=14a9f009a6c0487aa7122710957cc603,14a9f009a6c0487aa7122710957cc603,NA,NA,NA,WREL#1 Note F,WREL#1 Note F,Williams Caribbean Capital,Non-Financial Corporate,Barbados,FALSE,NA,2019-11-30T00:00:00Z,2023-11-30T00:00:00Z,2250000,4500000,BBD
https://www.greenbondtransparency.com/bond-info/?handle=c772aaa1d45c44249ab562e30a730690,c772aaa1d45c44249ab562e30a730690,BROMGEDBS069,NA,NA,OMGE13,OMGE13,Omega Energia,Non-Financial Corporate,Brazil,FALSE,NA,2021-03-15T00:00:00Z,2029-03-15T00:00:00Z,186514140,1050000000,BRL
https://www.greenbondtransparency.com/bond-info/?handle=e9262b027b574458921d2b6cbacdfd08,e9262b027b574458921d2b6cbacdfd08,BRBEVELFNAW2,NA,NA,NA,LF serie 1,Banco BV S.A.,Financial Corporate,Brazil,FALSE,NA,2021-06-18T00:00:00Z,2024-07-01T00:00:00Z,16530815,83150000,BRL
https://www.greenbondtransparency.com/bond-info/?handle=44e27f4e41cc40a693f0cb8b082426ca,44e27f4e41cc40a693f0cb8b082426ca,31572UAF3,NA,NA,NA,Fibria Green Bond 2027,Suzano Papel e Celulose,Non-Financial Corporate,Brazil,FALSE,NA,2017-01-17T00:00:00Z,2027-01-17T00:00:00Z,700000000,700000000,USD
https://www.greenbondtransparency.com/bond-info/?handle=f5ae13b56104475c94e09bc5a1fbbcd7,f5ae13b56104475c94e09bc5a1fbbcd7,BRSMTODBS021,NA,NA,SMTO24,4ª Emissão de Debêntures - 2ª Série - São Martinho,São Martinho,Non-Financial Corporate,Brazil,FALSE,NA,2022-02-22T00:00:00Z,2037-01-15T00:00:00Z,100163388,492884000,BRL
https://www.greenbondtransparency.com/bond-info/?handle=e966bfa760da47229e612d1814fcd544,e966bfa760da47229e612d1814fcd544,BRRSANDBS055,NA,BBG00ZR6WHP9,NA,Título Sustentável Rio Grande do Sul 2,COMPANHIA RIOGRANDENSE DE SANEAMENTO - CORSAN,Non-Financial Corporate,Brazil,FALSE,NA,2021-02-15T00:00:00Z,2031-02-15T00:00:00Z,62350602,335000000,BRL
https://www.greenbondtransparency.com/bond-info/?handle=8e6d700046f54858af9428fd50d0f6ee,8e6d700046f54858af9428fd50d0f6ee,NA,NA,NA,BTGP Green,Green Financial Instruments,BTG Pactual,Financial Corporate,Brazil,TRUE,https://www.greenbondtransparency.com/download-document/?entity=Framework&handle=4fe1e360ebb54d2881c324702c05ca4c,NA,2026-01-11T00:00:00Z,NA,NA,USD
https://www.greenbondtransparency.com/bond-info/?handle=a51f0a51fdd241f0b87f87edf3924a15,a51f0a51fdd241f0b87f87edf3924a15,BRTAEEDBS0H3,NA,BBG00QPSKY60,NA,Sétima Emissão de Debêntures da Taesa,TAESA,Non-Financial Corporate,Brazil,FALSE,NA,2019-10-25T00:00:00Z,2044-09-15T00:00:00Z,118751087,508960000,BRL
https://www.greenbondtransparency.com/bond-info/?handle=e0a694559f4542f5b1dc0222a650b513,e0a694559f4542f5b1dc0222a650b513,CH1151526238,NA,BBG014LKGKD6,CAF0.45 02/24/2,CHF GREEN BOND BENCHMARK (2nd),CAF - Banco de Desarrollo de America Latina,Development Bank,Supranational,FALSE,https://www.greenbondtransparency.com/download-document/?entity=Framework&handle=20ab6a5a7a89447fa8ffc6208696d342,2022-02-24T00:00:00Z,2027-02-24T00:00:00Z,382096069,350000000,CHF
https://www.greenbondtransparency.com/bond-info/?handle=1dfdf670db17445598adbebb3b4e26a0,1dfdf670db17445598adbebb3b4e26a0,US30315XAB01,NA,NA,NA,1st Green Bond FS,FS Agribusiness,Non-Financial Corporate,Brazil,FALSE,https://www.greenbondtransparency.com/download-document/?entity=Framework&handle=06916bad6f3d4631a2127d3f46ff766d,2020-02-12T00:00:00Z,2025-12-15T00:00:00Z,680000000,680000000,USD
https://www.greenbondtransparency.com/bond-info/?handle=e1a151fc549946899135468e9f745cc9,e1a151fc549946899135468e9f745cc9,ARYPFE5600G5,NA,BBG0154MTNZ4,YPFLUZ 5,YPF Luz Series X Bond,YPF Luz,Non-Financial Corporate,Argentina,FALSE,NA,2022-02-03T00:00:00Z,2032-02-03T00:00:00Z,63900000,63900000,USD
https://www.greenbondtransparency.com/bond-info/?handle=1fbdb1696ffd4349bd5b0b17c8a00bea,1fbdb1696ffd4349bd5b0b17c8a00bea,BRSMTODBS013,NA,NA,SMTO14,4ª Emissão de Debêntures - 1ª Série - São Martinho,São Martinho,Non-Financial Corporate,Brazil,FALSE,NA,2022-03-22T00:00:00Z,2032-01-15T00:00:00Z,122988538,605202000,BRL
https://www.greenbondtransparency.com/bond-info/?handle=939ba0f096214b298b1b949ef2ad6ad7,939ba0f096214b298b1b949ef2ad6ad7,CRA0200018J,NA,NA,NA,CRA Coopan,Grupo Gaia,Financial Corporate,Brazil,FALSE,NA,2020-05-11T00:00:00Z,2026-05-13T00:00:00Z,255972,1500000,BRL
https://www.greenbondtransparency.com/bond-info/?handle=7712ce3dfc304af3ac7783ebab8baa3b,7712ce3dfc304af3ac7783ebab8baa3b,BRGAIACRA0G3,NA,NA,NA,CRA Gaia,FS Agribusiness,Non-Financial Corporate,Brazil,FALSE,https://www.greenbondtransparency.com/download-document/?entity=Framework&handle=56debb04f16d471a921ea472390c8779,2020-02-12T00:00:00Z,2023-02-22T00:00:00Z,48486602,210267000,BRL
https://www.greenbondtransparency.com/bond-info/?handle=885f7ef8568f4ecc8fb398961cb01fd4,885f7ef8568f4ecc8fb398961cb01fd4,PAL3009913B0,NA,BBG00QFWTF19,NA,CIFI Serie B,Corporación Interamericana para el Financiamiento de Infraestructura (CIFI),Financial Corporate,Panama,FALSE,NA,2019-09-24T00:00:00Z,2024-09-30T00:00:00Z,12000000,12000000,USD
https://www.greenbondtransparency.com/bond-info/?handle=857a2aaaa36240d4ac4b2f568bca4a42,857a2aaaa36240d4ac4b2f568bca4a42,NA,NA,NA,WREL#1,Williams Renewable Energy Limited,Williams Caribbean Capital,Non-Financial Corporate,Barbados,TRUE,NA,NA,NA,NA,NA,BBD
https://www.greenbondtransparency.com/bond-info/?handle=7c95589261774817a0ed576d49102d56,7c95589261774817a0ed576d49102d56,BROMGEDBS044,NA,NA,OMGE12,OMGE12,Omega Energia,Non-Financial Corporate,Brazil,FALSE,NA,2020-09-15T00:00:00Z,2028-09-15T00:00:00Z,20861782,110000000,BRL
https://www.greenbondtransparency.com/bond-info/?handle=69a374327ec74ed980c676a9cc7a693a,69a374327ec74ed980c676a9cc7a693a,BRSAQIDBS008,NA,BBG00Q6C9BH7,NA,Sabará Green Bond,Sabará Químicos e Ingredientes S.A.,Non-Financial Corporate,Brazil,FALSE,NA,2019-08-05T00:00:00Z,2024-08-05T00:00:00Z,4895000,20000000,BRL
https://www.greenbondtransparency.com/bond-info/?handle=1ea3f91d3e7047c6af38408cf446eaae,1ea3f91d3e7047c6af38408cf446eaae,BRITMGDBS028,NA,BBG00GY1HY29,ITGE13,Green Bond Rio Energy Itarema Wind Complex,Rio Energy Participações,Non-Financial Corporate,Brazil,FALSE,NA,2017-05-02T00:00:00Z,2028-12-15T00:00:00Z,35235512,111760000,BRL
https://www.greenbondtransparency.com/bond-info/?handle=dd4e23cc5ace413b987d8d6702f2615e,dd4e23cc5ace413b987d8d6702f2615e,NA,NA,NA,WREL#1_A,WREL#1 Note A,Williams Caribbean Capital,Non-Financial Corporate,Barbados,FALSE,NA,2020-06-30T00:00:00Z,2022-06-30T00:00:00Z,2000000,4000000,BBD
https://www.greenbondtransparency.com/bond-info/?handle=3a4f6ab306c64e85af7f7d44d4610e2b,3a4f6ab306c64e85af7f7d44d4610e2b,PAL3009913E4,NA,NA,NA,CIFI Serie E,Corporación Interamericana para el Financiamiento de Infraestructura (CIFI),Financial Corporate,Panama,FALSE,NA,2019-12-18T00:00:00Z,2024-12-26T00:00:00Z,7000000,7000000,USD
https://www.greenbondtransparency.com/bond-info/?handle=49af944d0d1c40e281e6f0f49e870b56,49af944d0d1c40e281e6f0f49e870b56,US833636AL76,833636AL7,BBG012J2LYL8,SQM,SQM Green Bond 2051,Sociedad Química y Minera de Chile S.A.,Non-Financial Corporate,Chile,FALSE,https://www.greenbondtransparency.com/download-document/?entity=Framework&handle=f9ddf8d55aab4e4298b72383891943eb,2021-09-10T00:00:00Z,2051-09-10T00:00:00Z,700000000,700000000,USD
https://www.greenbondtransparency.com/bond-info/?handle=e13fb411d38e445aa8115a546717c6ce,e13fb411d38e445aa8115a546717c6ce,CL0002542372,NA,BBG00PNL7BC7,NA,Green Bond CMPC 2019,CMPC,Non-Financial Corporate,Chile,FALSE,https://www.greenbondtransparency.com/download-document/?entity=Framework&handle=4aa685fab6fe43f5bc073e2e1fe51735,2019-06-01T00:00:00Z,2029-06-01T00:00:00Z,97791631,2500000,CLF
https://www.greenbondtransparency.com/bond-info/?handle=2d8de8f14b6641838c8358b9eeb40c28,2d8de8f14b6641838c8358b9eeb40c28,BRHITCDBS001,NA,NA,CHPT11,Debêntures 12.431 - Central Hidrelétrica Palmeiras do Tocantins,ZX Participações S.A,Non-Financial Corporate,Brazil,FALSE,NA,2018-07-05T00:00:00Z,2028-04-28T00:00:00Z,4266666,16000000,BRL
https://www.greenbondtransparency.com/bond-info/?handle=266ba26a960a4367b8afe616f921de4a,266ba26a960a4367b8afe616f921de4a,BRRSANDBS048,NA,BBG00ZR6XDJ4,NA,Título Sustentável Rio Grande do Sul 1,COMPANHIA RIOGRANDENSE DE SANEAMENTO - CORSAN,Non-Financial Corporate,Brazil,FALSE,NA,2021-02-15T00:00:00Z,2028-02-15T00:00:00Z,21369506,115000000,BRL
https://www.greenbondtransparency.com/bond-info/?handle=23878660cd7440629e174e8e95ab223b,23878660cd7440629e174e8e95ab223b,PAL3009913C8,NA,NA,NA,CIFI Serie C,Corporación Interamericana para el Financiamiento de Infraestructura (CIFI),Financial Corporate,Panama,FALSE,NA,2019-11-25T00:00:00Z,2024-11-27T00:00:00Z,1000000,1000000,USD
https://www.greenbondtransparency.com/bond-info/?handle=a30df90865b844a591bb6fbd89b25a31,a30df90865b844a591bb6fbd89b25a31,CH1142512339,NA,BBG014D2W4Q9,NA,BCI - CHF 2027,Banco de Crédito e Inversiones,Financial Corporate,Chile,FALSE,https://www.greenbondtransparency.com/download-document/?entity=Framework&handle=8dc563c540c1439a8c930ddbfada75ef,2022-01-26T00:00:00Z,2027-04-26T00:00:00Z,218000000,200000000,CHF
https://www.greenbondtransparency.com/bond-info/?handle=abe9dd05116c4c77b3bb4fae4ba7fa01,abe9dd05116c4c77b3bb4fae4ba7fa01,XS2045838039,NA,BBG00QQGQVT0,NA,CABEI´s 2019 Green Bond,Central American Bank for Economic Integration,Development Bank,Supranational,FALSE,https://www.greenbondtransparency.com/download-document/?entity=Framework&handle=54743cb2f07c4d9f923a5c04c2547bb4,2019-10-31T00:00:00Z,2024-11-15T00:00:00Z,375000000,375000000,USD
https://www.greenbondtransparency.com/bond-info/?handle=5fcd12ec5dd342389cf9fb4c48cb3f8f,5fcd12ec5dd342389cf9fb4c48cb3f8f,NA,NA,NA,WREL#2_A,WREL#2_A,Williams Caribbean Capital,Non-Financial Corporate,Barbados,FALSE,NA,2021-02-05T00:00:00Z,2024-02-05T00:00:00Z,7000000,14000000,BBD
https://www.greenbondtransparency.com/bond-info/?handle=ac18a46cd99149a4aad8929bb8729af1,ac18a46cd99149a4aad8929bb8729af1,USP5R70LAA96,NA,BBG011WG3VZ5,NA,ISA Interchile Bono verde,ISA Interchile,Non-Financial Corporate,Chile,FALSE,NA,2021-07-26T00:00:00Z,2056-06-30T00:00:00Z,1200000000,1200000000,USD
https://www.greenbondtransparency.com/bond-info/?handle=0f91b88562524743ad5ecf105cddab89,0f91b88562524743ad5ecf105cddab89,USP14623AC98,JK8733616,NA,NA,Banco Nacional de Costa Rica 2021,Banco Nacional de Costa Rica,Development Bank,Costa Rica,FALSE,NA,2016-04-25T00:00:00Z,2021-04-25T00:00:00Z,500000000,500000000,USD
https://www.greenbondtransparency.com/bond-info/?handle=282de9537dfb4fe29cef3d72871b4d6d,282de9537dfb4fe29cef3d72871b4d6d,XS2264186524,NA,BBG00Y91VPS3,NA,BTG Pactual Green Bond- Private Placement,BTG Pactual,Financial Corporate,Brazil,FALSE,https://www.greenbondtransparency.com/download-document/?entity=Framework&handle=4fe1e360ebb54d2881c324702c05ca4c,2020-11-30T00:00:00Z,2025-11-30T00:00:00Z,50000000,50000000,USD
https://www.greenbondtransparency.com/bond-info/?handle=03be22eb7b4543fd9e05fab58d3a22db,03be22eb7b4543fd9e05fab58d3a22db,NA,NA,NA,WREL#1 Note D,WREL#1 Note D,Williams Caribbean Capital,Non-Financial Corporate,Barbados,FALSE,NA,2020-12-31T00:00:00Z,2022-12-31T00:00:00Z,2000000,4000000,BBD
https://www.greenbondtransparency.com/bond-info/?handle=5b4a75cdb66b4ce9b8961d7a9fd6bfb5,5b4a75cdb66b4ce9b8961d7a9fd6bfb5,BRTAEEDBS0M3,NA,BBG0113RBDT1,NA,Decima Emissão de Debêntures da Taesa,TAESA,Non-Financial Corporate,Brazil,FALSE,NA,2021-05-19T00:00:00Z,2036-05-15T00:00:00Z,18730651,100000000,BRL
https://www.greenbondtransparency.com/bond-info/?handle=9b121b328ec94eefabc6253b9a7bc1bd,9b121b328ec94eefabc6253b9a7bc1bd,ARLUZT560013,NA,BBG01396XF81,LUCAR 0 10/28/2,Luz de Tres Picos - Clase 1,Luz de Tres Picos,Non-Financial Corporate,Argentina,FALSE,NA,2021-10-28T00:00:00Z,2024-10-28T00:00:00Z,30000000,30000000,USD
https://www.greenbondtransparency.com/bond-info/?handle=cdd9dbb7c5b7426a8c366cb944a814a9,cdd9dbb7c5b7426a8c366cb944a814a9,BRECOACRA7P1,NA,BBG012N0L8M3,NA,CRA Verde XP 2021,FS Agribusiness,Non-Financial Corporate,Brazil,FALSE,https://www.greenbondtransparency.com/download-document/?entity=Framework&handle=06916bad6f3d4631a2127d3f46ff766d,2021-09-03T00:00:00Z,2025-09-15T00:00:00Z,58050658,300000000,BRL
https://www.greenbondtransparency.com/bond-info/?handle=f3475e2874264a62a2a2804c493ed2e5,f3475e2874264a62a2a2804c493ed2e5,NA,NA,BBG0123NW8B5,NA,Local Green Bond - Series XXXII,Genneia S.A.,Non-Financial Corporate,Argentina,FALSE,https://www.greenbondtransparency.com/download-document/?entity=Framework&handle=0861b552d06e4b9799ebc7a3b1aa7e2a,2021-08-10T00:00:00Z,2023-08-10T00:00:00Z,48971674,48971674,USD
https://www.greenbondtransparency.com/bond-info/?handle=57ce82e059004c8db47a7007175c47c1,57ce82e059004c8db47a7007175c47c1,BRPTMIDBS003,NA,NA,PTMI11,PTMI11,Omega Energia,Non-Financial Corporate,Brazil,FALSE,NA,2017-03-15T00:00:00Z,2026-12-15T00:00:00Z,13415220,42431000,BRL
https://www.greenbondtransparency.com/bond-info/?handle=2d02a140e1674840929801f32b91dbf3,2d02a140e1674840929801f32b91dbf3,BRECOACRA1I9,NA,NA,NA,Suzano CRA Verde 2016,Suzano Papel e Celulose,Non-Financial Corporate,Brazil,FALSE,NA,2016-11-25T00:00:00Z,2024-11-25T00:00:00Z,291723795,1000000000,BRL
https://www.greenbondtransparency.com/bond-info/?handle=e7a60b9c1e1547e78842af5b5db91a2f,e7a60b9c1e1547e78842af5b5db91a2f,US191241AJ70,NA,BBG00WYXCK74,KOF,Coca-Cola FEMSA Green Bond,Coca-Cola FEMSA,Non-Financial Corporate,Mexico,FALSE,https://www.greenbondtransparency.com/download-document/?entity=Framework&handle=766cfab46e8a4f4c9ad6466bfd582707,2020-09-01T00:00:00Z,2032-09-01T00:00:00Z,705000000,705000000,USD
https://www.greenbondtransparency.com/bond-info/?handle=9fc875791e3143a1bb3f864a304e8185,9fc875791e3143a1bb3f864a304e8185,NA,NA,NA,PR_PL_DAVIVIEND,Green Bond 2017 - Davivienda,Davivienda,Financial Corporate,Colombia,FALSE,NA,2017-04-25T00:00:00Z,2027-04-25T00:00:00Z,150000000,433000000000,COP
https://www.greenbondtransparency.com/bond-info/?handle=f21e0d60edce484e9ebf4c459d4e16a3,f21e0d60edce484e9ebf4c459d4e16a3,BRCTGEDBS010,NA,NA,CTGE13,COMPANHIA DE GERACAO E TRANSMISSAO DE ENERGIA ELETRICA DO SUL DO BRASIL,CGT Eletrosul,Non-Financial Corporate,Brazil,FALSE,https://www.greenbondtransparency.com/download-document/?entity=Framework&handle=62947748118b4a87bfa9d3d52dfb49f1,2021-09-15T00:00:00Z,2029-09-15T00:00:00Z,35191173,185000000,BRL
https://www.greenbondtransparency.com/bond-info/?handle=47b8b2c3d39b42a2b47e9b1faa6b599c,47b8b2c3d39b42a2b47e9b1faa6b599c,BRANEMDBS007,NA,BBG011XY0RK3,ANEM11,ANEMUS 2039,Anemus Wind Holding S.A.,Non-Financial Corporate,Brazil,FALSE,NA,2021-06-15T00:00:00Z,2039-06-15T00:00:00Z,93503937,475000000,BRL
https://www.greenbondtransparency.com/bond-info/?handle=13db022e186047ecbb817d21fa259364,13db022e186047ecbb817d21fa259364,MX90GC040026,AV7948830,BBG00MMMVX56,90_GCDMXCB_18V,GCDMXCB 18V,Gobierno de la Ciudad de México,Local government,Mexico,FALSE,https://www.greenbondtransparency.com/download-document/?entity=Framework&handle=3bed31a8a09f4c65bf9b9e10a3a99d43,2018-11-21T00:00:00Z,2028-11-21T00:00:00Z,54449245,1100000000,MXN
https://www.greenbondtransparency.com/bond-info/?handle=519f17ca40d44fbba816416b0e9f3cb1,519f17ca40d44fbba816416b0e9f3cb1,XS1459407026,NA,BBG00DJ0DXT2,CABEI 8.4,"Uridashi ""Best Effort"" Green Bond",Central American Bank for Economic Integration,Development Bank,Supranational,FALSE,NA,2016-07-29T00:00:00Z,2020-08-13T00:00:00Z,72865918,1032000000,ZAR
https://www.greenbondtransparency.com/bond-info/?handle=79998baaa2e74bf0aa47e9d7521dd092,79998baaa2e74bf0aa47e9d7521dd092,XS2424489958,NA,BBG0142N0GR2,NA,BCI - JPY 2027,Banco de Crédito e Inversiones,Financial Corporate,Chile,FALSE,https://www.greenbondtransparency.com/download-document/?entity=Framework&handle=8dc563c540c1439a8c930ddbfada75ef,2022-01-07T00:00:00Z,2027-01-07T00:00:00Z,44000000,5000000000,JPY
https://www.greenbondtransparency.com/bond-info/?handle=e4570195ee594e479365900b4140ec5f,e4570195ee594e479365900b4140ec5f,NA,NA,NA,PR_PV_BRADESCO,Bradesco Climate Bond - 2020,Bradesco,Financial Corporate,Brazil,FALSE,NA,2020-12-23T00:00:00Z,2023-07-24T00:00:00Z,231928875,1200000000,BRL
https://www.greenbondtransparency.com/bond-info/?handle=ddc074cc122446bc92e5b6929179d0e2,ddc074cc122446bc92e5b6929179d0e2,USL79090AC78,NA,BBG00VSZG6M8,RAILBZ 5 1/4,Rumo 2028,Rumo S.A.,Non-Financial Corporate,Brazil,FALSE,https://www.greenbondtransparency.com/download-document/?entity=Framework&handle=5ed0f5af81e743d59f6cc5245e8d8fd0,2020-06-30T00:00:00Z,2028-01-10T00:00:00Z,500000000,500000000,USD
https://www.greenbondtransparency.com/bond-info/?handle=8924efd445c0450a816e678627f70b60,8924efd445c0450a816e678627f70b60,ARPLAZ560060,NA,BBG00ZDQTSP0,PZC6O,Sustainable Bond ON C6,Plaza Logística,Non-Financial Corporate,Argentina,FALSE,NA,2021-02-17T00:00:00Z,2024-08-24T00:00:00Z,20454545,1800000000,UVA
https://www.greenbondtransparency.com/bond-info/?handle=314f7f4c213f427091038506ef0c444b,314f7f4c213f427091038506ef0c444b,BRTAEEDBS0I1,NA,BBG00RHCX4G3,NA,Oitava Emissão de Debêntures da Taesa,TAESA,Non-Financial Corporate,Brazil,FALSE,NA,2019-12-15T00:00:00Z,2044-12-15T00:00:00Z,67094434,300000000,BRL
https://www.greenbondtransparency.com/bond-info/?handle=f495dc7708c7482192c314338682e805,f495dc7708c7482192c314338682e805,NA,NA,NA,CRI_ATHON1,CRI Athon ESG I,Grupo Athon,Non-Financial Corporate,Brazil,FALSE,https://www.greenbondtransparency.com/download-document/?entity=Framework&handle=d583c1a1b1f2463ebec5379b3985a990,2021-08-19T00:00:00Z,2035-08-31T00:00:00Z,15906000,82850000,BRL
https://www.greenbondtransparency.com/bond-info/?handle=65809b95fbf34e898b30b546b2d2a6a8,65809b95fbf34e898b30b546b2d2a6a8,ARAESA560032,NA,NA,NA,AES Argentina Green Bond,AES Argentina S.A,Non-Financial Corporate,Argentina,FALSE,NA,2020-02-18T00:00:00Z,2020-11-18T00:00:00Z,48450360,48450360,USD
https://www.greenbondtransparency.com/bond-info/?handle=28819e812f754cc7a6258219e8918c4e,28819e812f754cc7a6258219e8918c4e,MXCDBA0300F1,NA,BBG016FLVJ51,BACMEXT 22X,Bancomext Senior Notes 22x,Bancomext,Financial Corporate,Mexico,FALSE,https://www.greenbondtransparency.com/download-document/?entity=Framework&handle=41f78746078d444787f9a1f78b30153c,2022-03-23T00:00:00Z,2025-03-25T00:00:00Z,149109073,3000000000,MXN
https://www.greenbondtransparency.com/bond-info/?handle=efccb817483a461688c4cc612e645b68,efccb817483a461688c4cc612e645b68,PAL3009913K1,NA,NA,NA,CIFI Serie K,Corporación Interamericana para el Financiamiento de Infraestructura (CIFI),Financial Corporate,Panama,FALSE,NA,2020-12-16T00:00:00Z,2022-06-17T00:00:00Z,1000000,1000000,USD
https://www.greenbondtransparency.com/bond-info/?handle=039a805a3e354fb9abc557d41eaf0c0a,039a805a3e354fb9abc557d41eaf0c0a,PEP11100M336,NA,BBG00P0Y6CR7,NA,Bono Verde COFIDE,Cofide,Development Bank,Peru,FALSE,https://www.greenbondtransparency.com/download-document/?entity=Framework&handle=04e21c087086494eb8ed28a377b70eee,2019-04-26T00:00:00Z,2022-04-26T00:00:00Z,30012004,100000000,PEN
https://www.greenbondtransparency.com/bond-info/?handle=591bdf3d52c84e4b9abd76b03591ae92,591bdf3d52c84e4b9abd76b03591ae92,ARCPMA560025,NA,NA,OMC20,Clase II,CP Los Olivos y CP Manque,Non-Financial Corporate,Argentina,FALSE,NA,2020-09-02T00:00:00Z,2021-09-02T00:00:00Z,15000000,1109925000,ARS
https://www.greenbondtransparency.com/bond-info/?handle=6f46459260bb4254a71f833639627109,6f46459260bb4254a71f833639627109,COB07CB00603,NA,NA,NA,Bancolombia Bono Verde 2,Grupo Bancolombia,Financial Corporate,Colombia,FALSE,https://www.greenbondtransparency.com/download-document/?entity=Framework&handle=9c192826e78e482c93c7455809b0c515,2018-07-18T00:00:00Z,2023-07-18T00:00:00Z,104228913,300000000000,COP
https://www.greenbondtransparency.com/bond-info/?handle=1d7c3d7cb3dc4a89829b4f66476fa9f7,1d7c3d7cb3dc4a89829b4f66476fa9f7,NA,NA,NA,WREL#1_C,WREL#1 Note C,Williams Caribbean Capital,Non-Financial Corporate,Barbados,FALSE,NA,2018-06-30T00:00:00Z,2026-06-30T00:00:00Z,2000000,4000000,BBD
https://www.greenbondtransparency.com/bond-info/?handle=b1ee5ee2b303417fb77c0c62bf84343a,b1ee5ee2b303417fb77c0c62bf84343a,ARPLAZ560011,NA,NA,NA,Green Bond ON C1,Plaza Logística,Non-Financial Corporate,Argentina,FALSE,NA,2017-12-18T00:00:00Z,2020-12-18T00:00:00Z,26841899,26841899,USD
https://www.greenbondtransparency.com/bond-info/?handle=5d9414c64ce1488fb9135b3bf4414ee5,5d9414c64ce1488fb9135b3bf4414ee5,CH0553331882.,NA,BBG00WLK8HD1.,NA,CHF GREEN BOND BENCHMARK,CAF - Banco de Desarrollo de America Latina,Development Bank,Supranational,FALSE,https://www.greenbondtransparency.com/download-document/?entity=Framework&handle=20ab6a5a7a89447fa8ffc6208696d342,2020-09-04T00:00:00Z,2025-09-04T00:00:00Z,381887615,350000000,CHF
https://www.greenbondtransparency.com/bond-info/?handle=8c79d4f9366a4162a9629192e2530d2d,8c79d4f9366a4162a9629192e2530d2d,BRESVHDBS002,NA,NA,NA,Eólica Serra das Vacas Holding II S.A.,Engeform - Eólica Serra das Vacas Holding II S.A,Non-Financial Corporate,Brazil,FALSE,NA,2017-06-15T00:00:00Z,2031-06-15T00:00:00Z,14620773,48000000,BRL
https://www.greenbondtransparency.com/bond-info/?handle=26841b3a429e412a9322c0fc4089babb,26841b3a429e412a9322c0fc4089babb,COE15CB00287,NA,NA,NA,Tramo 14 Serie A9,ISA - Interconexión Eléctrica S.A. E.S.P.,Non-Financial Corporate,Colombia,FALSE,NA,2020-08-13T00:00:00Z,2029-08-13T00:00:00Z,42602933,160000000000,COP
https://www.greenbondtransparency.com/bond-info/?handle=25af7f0c068d403b829146d02fd9ec6a,25af7f0c068d403b829146d02fd9ec6a,ARPAMP5600C6,NA,NA,MGC8O,Pampa Energía - ON Clase 8,Pampa Energía,Non-Financial Corporate,Argentina,FALSE,NA,2022-01-18T00:00:00Z,2023-07-18T00:00:00Z,30000000,3107268000,ARS
https://www.greenbondtransparency.com/bond-info/?handle=d504aa002bf5487f8fc01a2b94b3a137,d504aa002bf5487f8fc01a2b94b3a137,COE15CB00295,NA,NA,NA,Tramo 14 Serie G20,ISA - Interconexión Eléctrica S.A. E.S.P.,Non-Financial Corporate,Colombia,FALSE,NA,2020-08-13T00:00:00Z,2040-08-13T00:00:00Z,37276946,139997669786,COP
https://www.greenbondtransparency.com/bond-info/?handle=070039e58a2142adbcc6777258457e5e,070039e58a2142adbcc6777258457e5e,ARZUAM560013,NA,BBG0146Z2RY7,NA,ZUAMAR S.A - BONO VERDE ON SERIE I,ZUAMAR S.A.,Non-Financial Corporate,Argentina,FALSE,NA,2021-12-17T00:00:00Z,2024-12-17T00:00:00Z,1127672,115000000,ARS
https://www.greenbondtransparency.com/bond-info/?handle=bf96a41e500b4f00b41161bfbded8061,bf96a41e500b4f00b41161bfbded8061,BRRBRACRI713,NA,NA,NA,CRI Credit Suisse,FS Agribusiness,Non-Financial Corporate,Brazil,FALSE,https://www.greenbondtransparency.com/download-document/?entity=Framework&handle=56debb04f16d471a921ea472390c8779,2020-06-25T00:00:00Z,2023-02-22T00:00:00Z,25992643,138507000,BRL
https://www.greenbondtransparency.com/bond-info/?handle=f1d6d989d8ea4e09b00dcd41200c9e35,f1d6d989d8ea4e09b00dcd41200c9e35,BRTRPLDBS0G4,NA,BBG0137WGWJ6,NA,ISA CTEEP - 11ª Emissão (1ª e 2ª Serie),CTEEP - Companhia de Transmissão de Energia Elétrica Paulista,Non-Financial Corporate,Brazil,FALSE,https://www.greenbondtransparency.com/download-document/?entity=Framework&handle=e791ce8ea3eb4c6897df799280b78881,2021-10-15T00:00:00Z,2039-10-15T00:00:00Z,182800000,950000000,BRL
https://www.greenbondtransparency.com/bond-info/?handle=5bbc61b2d8164da5bb796c580b1305b9,5bbc61b2d8164da5bb796c580b1305b9,USP5875NAB93,P5875NAB9,BBG011CKJQK8,ILAPCL REGS,Inversiones Latin America Power RegS Note,Inversiones Latin America Power (ILAP),Non-Financial Corporate,Chile,FALSE,https://www.greenbondtransparency.com/download-document/?entity=Framework&handle=a40381fb70654535ada4454c2ff5e808,2021-06-09T00:00:00Z,2033-06-15T00:00:00Z,250230000,250230000,USD
https://www.greenbondtransparency.com/bond-info/?handle=1792bc496a08430098ec7886e2e7ea0f,1792bc496a08430098ec7886e2e7ea0f,CRA0200005N,NA,NA,NA,FSBIOENERGIA,Grupo Gaia,Financial Corporate,Brazil,FALSE,NA,2020-02-12T00:00:00Z,2023-02-24T00:00:00Z,39152293,210267000,BRL
https://www.greenbondtransparency.com/bond-info/?handle=1c15de3906d74b2d8a7d01d482b86c19,1c15de3906d74b2d8a7d01d482b86c19,BRRANIDBS023,NA,BBG00PWZ9NS1,CELU13,Irani Green Bond 2025,Irani Papel e Embalagem S.A.,Non-Financial Corporate,Brazil,FALSE,NA,2019-08-02T00:00:00Z,2025-07-19T00:00:00Z,131867558,505000000,BRL
https://www.greenbondtransparency.com/bond-info/?handle=b801a9916932412fb579bb166dbdcdbe,b801a9916932412fb579bb166dbdcdbe,BRSMTODBS005,NA,NA,SMTO13,3ª Emissão de Debêntures - Série Única - São Martinho,São Martinho,Non-Financial Corporate,Brazil,FALSE,NA,2021-06-30T00:00:00Z,2031-06-16T00:00:00Z,99956019,500000000,BRL
https://www.greenbondtransparency.com/bond-info/?handle=1fd5c178da6148569a42c52f45981714,1fd5c178da6148569a42c52f45981714,COB07CB00587,NA,NA,NA,Bancolombia Bono Verde 1,Grupo Bancolombia,Financial Corporate,Colombia,FALSE,https://www.greenbondtransparency.com/download-document/?entity=Framework&handle=887634f5dea44d698661f04daff365d5,2016-12-06T00:00:00Z,2023-12-05T00:00:00Z,114340224,350000000000,COP
https://www.greenbondtransparency.com/bond-info/?handle=641852f48d4d4d0ab9f8c969be2dcd20,641852f48d4d4d0ab9f8c969be2dcd20,BRIMWLCRA0N2,NA,NA,NA,Certificado de Recebimento do Agronegócio (CRA),SLC Agrícola S.A.,Non-Financial Corporate,Brazil,FALSE,NA,2020-12-11T00:00:00Z,2025-12-15T00:00:00Z,94702575,480000000,BRL
https://www.greenbondtransparency.com/bond-info/?handle=10f66d4ac1cc40dcb68e1b9385431c90,10f66d4ac1cc40dcb68e1b9385431c90,US05973JAA88,05973 AA8,BBG011Y6R782,BNCE V2.72 08/1,BANCOMEXT Sustainable Tier2 10NC5,Bancomext,Financial Corporate,Mexico,FALSE,https://www.greenbondtransparency.com/download-document/?entity=Framework&handle=41f78746078d444787f9a1f78b30153c,2021-08-11T00:00:00Z,2031-08-11T00:00:00Z,500000000,500000000,USD
https://www.greenbondtransparency.com/bond-info/?handle=9454206ae5ef4e8d85b80872d8b63a12,9454206ae5ef4e8d85b80872d8b63a12,BRTAEEDBS0G5,NA,BBG00P910118,NA,Sexta Emissão de Debêntures da Taesa,TAESA,Non-Financial Corporate,Brazil,FALSE,NA,2019-05-24T00:00:00Z,2044-05-15T00:00:00Z,51284404,210000000,BRL
https://www.greenbondtransparency.com/bond-info/?handle=b39685efcca04b61bebbca809d22fe37,b39685efcca04b61bebbca809d22fe37,CL0002564384,NA,NA,NA,BSOND-J,SONDA SA,Non-Financial Corporate,Chile,FALSE,https://www.greenbondtransparency.com/download-document/?entity=Framework&handle=b64652431f724d2f81550871f0d9a6e1,2019-10-17T00:00:00Z,2024-10-01T00:00:00Z,59024473,1500000,CLF
https://www.greenbondtransparency.com/bond-info/?handle=8646617898db47f5bd5c5b2049986b06,8646617898db47f5bd5c5b2049986b06,BROCTSCRA3A5,NA,NA,NA,CRA Eucalipto,FS Agribusiness,Non-Financial Corporate,Brazil,FALSE,https://www.greenbondtransparency.com/download-document/?entity=Framework&handle=06916bad6f3d4631a2127d3f46ff766d,2021-11-18T00:00:00Z,2026-11-17T00:00:00Z,11537768,64000000,BRL
https://www.greenbondtransparency.com/bond-info/?handle=ff0274d7d0c14d4abbc9bfd497c65e5f,ff0274d7d0c14d4abbc9bfd497c65e5f,CRICE00B0226,NA,NA,NA,BONOS G-3 V,Instituto Costarricense de Electricidad,Non-Financial Corporate,Costa Rica,FALSE,https://www.greenbondtransparency.com/download-document/?entity=Framework&handle=540e3b9e7ad24ec29091bc6c98dbbc0a,2021-11-08T00:00:00Z,2028-08-24T00:00:00Z,22444096,14443000000,CRC
https://www.greenbondtransparency.com/bond-info/?handle=5606e307519f4f58abc9d45cb7e36d03,5606e307519f4f58abc9d45cb7e36d03,NA,NA,BBG000GZL6P0,PCD,Banco Pichincha Green Bond -Issue 1,Banco Pichincha SA,Financial Corporate,Ecuador,FALSE,https://www.greenbondtransparency.com/download-document/?entity=Framework&handle=75a44c0cd7a04d06b490e812b1645147,2019-12-20T00:00:00Z,2024-12-20T00:00:00Z,150000000,150000000,USD
https://www.greenbondtransparency.com/bond-info/?handle=9b5072c9c8a74de999ff58ac7a32f456,9b5072c9c8a74de999ff58ac7a32f456,BRSUCUDBS001,NA,NA,CHSU11,Debêntures 12.431 - Central Hidrelétrica Sucuri,ZX Participações S.A,Non-Financial Corporate,Brazil,FALSE,NA,2018-07-05T00:00:00Z,2028-04-28T00:00:00Z,3733333,14000000,BRL
https://www.greenbondtransparency.com/bond-info/?handle=a036428305c44970a478ea6648e9e9bb,a036428305c44970a478ea6648e9e9bb,CRA021000RZ,NA,NA,NA,CRA SOLINFTEC II,Grupo Gaia,Financial Corporate,Brazil,FALSE,NA,2021-04-19T00:00:00Z,2027-04-15T00:00:00Z,27048129,150000000,BRL
https://www.greenbondtransparency.com/bond-info/?handle=9d39abd34d6c4799835d76e97b6b75e1,9d39abd34d6c4799835d76e97b6b75e1,BRGASFCTF006,NA,NA,NA,FIDC GREEN ANGÁ-SOLFÁCIL,Solfácil Energia Solar Tecnologia e Serviços Financeiros Ltda,Non-Financial Corporate,Brazil,FALSE,NA,2020-12-28T00:00:00Z,2028-06-28T00:00:00Z,95438060,500000000,BRL
https://www.greenbondtransparency.com/bond-info/?handle=734f4cf2916542dbbaeacbcc4fb98898,734f4cf2916542dbbaeacbcc4fb98898,COL17CT03797,NA,BBG012R5QQJ7,TFVT10260331,Bono verde soberano Colombia (TES),Ministry of Finance of the Republic of Colombia,Sovereign,Colombia,FALSE,https://www.greenbondtransparency.com/download-document/?entity=Framework&handle=2b5263d9a5ad4526a9d1719870519eec,2021-09-29T00:00:00Z,2031-03-26T00:00:00Z,390095071,1485525471969,COP
https://www.greenbondtransparency.com/bond-info/?handle=b560e3f93699403a87c728fa565ae61a,b560e3f93699403a87c728fa565ae61a,XS2108987517,NA,BBG00RHGN5T8,NA,Chile - EUR 2040,Ministry of Finance of the Republic of Chile,Sovereign,Chile,FALSE,https://www.greenbondtransparency.com/download-document/?entity=Framework&handle=b25746bc73674469a979cd1218fc9355,2020-01-23T00:00:00Z,2040-01-29T00:00:00Z,1397134210,1269017000,EUR
https://www.greenbondtransparency.com/bond-info/?handle=5dd63e9b992f47a88db15d84001a0aad,5dd63e9b992f47a88db15d84001a0aad,PAL3009913G9,NA,NA,NA,CIFI Serie G,Corporación Interamericana para el Financiamiento de Infraestructura (CIFI),Financial Corporate,Panama,FALSE,NA,2020-08-24T00:00:00Z,2023-08-26T00:00:00Z,1000000,1000000,USD
https://www.greenbondtransparency.com/bond-info/?handle=ac2ab3efa2a8455089d589306434edbb,ac2ab3efa2a8455089d589306434edbb,CRABRGAIA,NA,NA,NA,CRA Produzindo Certo,Grupo Gaia,Financial Corporate,Brazil,FALSE,NA,2021-02-26T00:00:00Z,2025-06-30T00:00:00Z,11236438,63345000,BRL
https://www.greenbondtransparency.com/bond-info/?handle=28100961034e4404b6bfbb0919a87500,28100961034e4404b6bfbb0919a87500,BRAPCSCRI606,NA,NA,NA,CRI H2energy,"H2energy Consultoria, Soluções e Instalações Fotovoltaicas Ltda",Non-Financial Corporate,Brazil,FALSE,NA,2019-09-23T00:00:00Z,2032-03-12T00:00:00Z,4855349,25247827,BRL
https://www.greenbondtransparency.com/bond-info/?handle=e6abc7186def493a9f5c60ba5d615e8d,e6abc7186def493a9f5c60ba5d615e8d,NA,NA,NA,Genneia_GB,GNNEIA_GB,Genneia S.A.,Non-Financial Corporate,Argentina,TRUE,https://www.greenbondtransparency.com/download-document/?entity=Framework&handle=0861b552d06e4b9799ebc7a3b1aa7e2a,NA,NA,NA,NA,USD
https://www.greenbondtransparency.com/bond-info/?handle=fd47a3cbf44c4c7bb9c69c5ad3fcc8e0,fd47a3cbf44c4c7bb9c69c5ad3fcc8e0,NA,NA,NA,CBI_Chile,CBI Certified Portfolio,Ministry of Finance of the Republic of Chile,Sovereign,Chile,TRUE,NA,NA,NA,NA,NA,USD
https://www.greenbondtransparency.com/bond-info/?handle=a4421d17dd0646b391003e3bb6642131,a4421d17dd0646b391003e3bb6642131,MXCDBA0300D6,NA,BBG016XZHSV7,BACMEXT 22-2X,Bancomext Senior Notes 22 2x,Bancomext,Financial Corporate,Mexico,FALSE,https://www.greenbondtransparency.com/download-document/?entity=Framework&handle=41f78746078d444787f9a1f78b30153c,2022-03-23T00:00:00Z,2027-03-23T00:00:00Z,149109073,3000000000,MXN
https://www.greenbondtransparency.com/bond-info/?handle=52a3ebde93e1453cb962eb8e994d15f0,52a3ebde93e1453cb962eb8e994d15f0,USP46756BA25,P46756 BA2,BBG012DCNXZ7,NA,Global Secured Green Bond - Series XXXI,Genneia S.A.,Non-Financial Corporate,Argentina,FALSE,https://www.greenbondtransparency.com/download-document/?entity=Framework&handle=0861b552d06e4b9799ebc7a3b1aa7e2a,2021-09-02T00:00:00Z,2027-09-02T00:00:00Z,366118638,366118638,USD
https://www.greenbondtransparency.com/bond-info/?handle=7d5a909c5f244b7da7c3fab618115955,7d5a909c5f244b7da7c3fab618115955,BRGAFLCRI009,NA,NA,NA,CRI MAGIK,Grupo Gaia,Financial Corporate,Brazil,FALSE,NA,2021-05-12T00:00:00Z,2024-05-14T00:00:00Z,932191,5000000,BRL
https://www.greenbondtransparency.com/bond-info/?handle=e803ccf87ecb45d7a8e5c36f97782157,e803ccf87ecb45d7a8e5c36f97782157,BRMGPRDBS068,NA,NA,MTRJ19,9ª EMISSÃO DE DEBÊNTURES DA CONCESSÃO METROVIÁRIA DO RIO DE JANEIRO S.A.,Concessão Metroviária do Rio de Janeiro S.A.,Non-Financial Corporate,Brazil,FALSE,NA,2021-01-15T00:00:00Z,2031-12-15T00:00:00Z,227703984,1200000000,BRL
https://www.greenbondtransparency.com/bond-info/?handle=c8b591f6ccb14f81b80ec4b4bb81e572,c8b591f6ccb14f81b80ec4b4bb81e572,CH1148308716,NA,BBG013PNMSR9,CABEI 0.11,First Swiss Green Bond,Central American Bank for Economic Integration,Development Bank,Supranational,FALSE,https://www.greenbondtransparency.com/download-document/?entity=Framework&handle=54743cb2f07c4d9f923a5c04c2547bb4,2021-11-22T00:00:00Z,2028-12-15T00:00:00Z,237068965,220000000,CHF
